{"pcm_src_loss": 1.054374098777771, "_runtime": 199, "_timestamp": 1633763862, "_step": 99, "defrec_trgt_loss": 2.749227285385132, "deepJDOT_loss": 175.42924846336246}