{"pcm_src_loss": 0.8942172527313232, "_runtime": 1893, "_timestamp": 1633765556, "_step": 3182, "defrec_trgt_loss": 1.2933759689331055, "deepJDOT_loss": 15.879600264132023}