{"pcm_src_loss": 0.9446240067481995, "_runtime": 4480, "_timestamp": 1633772462, "_step": 2731, "defrec_trgt_loss": 0.515186071395874, "deepJDOT_loss_total": 5.15381002635695, "deepJDOT_align_loss_total": 1.9836648202035576, "deepJDOT_cat_loss_total": 3.170145206153393, "src_val_acc": 0.4444444444444444, "src_val_loss": 1.5062770643107974, "trgt_val_acc": 0.31014729950900166, "trgt_val_loss": 2.1558533614278814}