{"pcm_src_loss": 0.8857123851776123, "_runtime": 4427, "_timestamp": 1633772409, "_step": 2696, "defrec_trgt_loss": 0.34406694769859314, "deepJDOT_loss_total": 5.190817522117868, "deepJDOT_align_loss_total": 2.0009526864159852, "deepJDOT_cat_loss_total": 3.189864835701883, "src_val_acc": 0.4444444444444444, "src_val_loss": 1.5062770643107974, "trgt_val_acc": 0.31014729950900166, "trgt_val_loss": 2.1558533614278814}