{"pcm_src_loss": 0.23673881590366364, "_runtime": 4658, "_timestamp": 1633772410, "_step": 1849, "defrec_trgt_loss": 0.17026738822460175, "src_val_acc": 0.8909038572251008, "src_val_loss": 0.4091774017116292, "trgt_val_acc": 0.44271685761047463, "trgt_val_loss": 2.2164968511184187}