{"pcm_src_loss": 0.6504772901535034, "_runtime": 4240, "_timestamp": 1633772461, "_step": 3707, "defrec_trgt_loss": 0.3424971103668213, "deepJDOT_loss_total": 2.702182103297673, "deepJDOT_align_loss_total": 0.3636582711478695, "deepJDOT_cat_loss_total": 2.3385238321498036, "src_val_acc": 0.5889464594127807, "src_val_loss": 1.2487517300870958, "trgt_val_acc": 0.4402618657937807, "trgt_val_loss": 1.9043693150318977}