{"pcm_src_loss": 0.6991481184959412, "_runtime": 4192, "_timestamp": 1633772413, "_step": 3698, "defrec_trgt_loss": 0.42892998456954956, "deepJDOT_loss_total": 3.144429682579357, "deepJDOT_align_loss_total": 0.7007781679276377, "deepJDOT_cat_loss_total": 2.4436515146517195, "src_val_acc": 0.6183074265975821, "src_val_loss": 1.3066399640987574, "trgt_val_acc": 0.46399345335515546, "trgt_val_loss": 1.866896757712731}