{"pcm_src_loss": 0.6176684498786926, "_runtime": 4240, "_timestamp": 1633772336, "_step": 3673, "defrec_trgt_loss": 0.24850986897945404, "deepJDOT_loss_total": 1.9202518839738332, "deepJDOT_align_loss_total": 0.25747665989911184, "deepJDOT_cat_loss_total": 1.6627752240747213, "src_val_acc": 0.8258491652274036, "src_val_loss": 0.6632916981211735, "trgt_val_acc": 0.39689034369885434, "trgt_val_loss": 2.102857512069802}