{"pcm_src_loss": 0.5306820869445801, "_runtime": 293, "_timestamp": 1633767246, "_step": 11, "defrec_trgt_loss": 0.36153262853622437, "_wandb": {"runtime": 297}}