{"pcm_src_loss": 1.271828293800354, "_runtime": 30, "_timestamp": 1633765195, "_step": 1, "defrec_trgt_loss": 13.464293479919434, "_wandb": {"runtime": 39}}