{"pcm_src_loss": 1.2133216857910156, "_runtime": 150, "_timestamp": 1633763277, "_step": 1, "defrec_trgt_loss": 12.58462905883789, "_wandb": {"runtime": 154}}