{"pcm_src_loss": 1.271828293800354, "_runtime": 29, "_timestamp": 1633764619, "_step": 1, "defrec_trgt_loss": 12.730426788330078, "_wandb": {"runtime": 38}}